,review_id,score
0,RY52KZABZK8QF,-0.9249999999999999
1,R3GCOEV4HYZG2I,0.8939393939393941
2,R1V2OPPNL0QGCE,0.9062499999999999
3,R9Q0QDTLKV567,-0.837962962962963
4,R3DL7HYC3QTWNI,0.6607142857142856
5,R3M88678ZYC6WI,0.9761904761904759
6,R29F0E6EJJCEEM,-0.9166666666666666
7,R1WU4A3QFKJ0HT,-0.95
8,R2Q061UH1EJHIJ,-0.9285714285714285
9,R2F0TUS62C3ZCN,0.9000000000000002
10,R2X9MN0B0MVUZT,0.9666666666666663
11,R35P4D0NHKAGKE,0.8999999999999997
12,R2V6PXBBC9ZPKZ,-0.9166666666666666
13,RR48906IDDC7R,0.9029850746268657
14,R3BRGLMPYWFS2N,-0.875
15,R1FB7BN6Z0L3XO,0.9285714285714285
16,R3U4EMQXXN5ZWA,0.9761904761904759
17,RCFH27W77OTPH,0.9545454545454541
18,R2R63T6FP7G9JL,0.8939393939393941
19,R3YSEIBEK0XYT,-0.8076923076923076
20,R9HXJK5NX9IPY,0.833333333333333
21,R14FJ9TGHJN8X8,0.9761904761904759
22,R36FKD0RA85LD2,-0.95
23,RV08WAK7KQ5C8,0.8749999999999998
24,RUMJPRPFJFIZ2,-0.875
25,R29HSQ1GJXRRXH,0.9848484848484848
26,RRO2C7LNHYSSL,0.9615384615384616
27,ROKWTKVHCUN0D,0.9666666666666663
28,R23IP4R4VPCU7W,0.7000000000000001
29,R3ALDVS4RB8YJD,0.9545454545454541
30,R7LFUNGK7ZW6L,0.9666666666666663
31,R2UQX5X29O3ICI,-0.875
32,R3MSBQ3L6OIFIP,0.9687499999999998
33,RPR2PCYD8LDEM,0.9444444444444444
34,R17Z5LA3XNPOSX,-0.95
35,R1V1MIFZU32A97,0.9761904761904759
36,R33HSAVWTVNLG6,0.8999999999999997
37,R37VRG2JRLUORR,0.9666666666666663
38,R1UFH7URKHIN3E,-0.7916666666666667
39,R3M0JKAJ6MB493,0.7666666666666667
40,RE5FI6X7K940Q,-0.6418918918918919
41,R191WJ8DHZTEB3,0.9545454545454541
42,R33QQZWE5WZ1MK,-0.875
43,R2XD9H8S4VPDDT,0.9545454545454541
44,R2OXNE998ILXLZ,-0.9444444444444444
45,R1CXMZHGT72D65,0.7666666666666667
46,R1DDJOZCYZBOT9,0.9761904761904759
47,R3EPBXK1X7BZDI,-0.95
48,R1HFUJLGGZLA2X,0.9761904761904759
49,R1SGRCSYQEMI0F,-0.8333333333333333
50,R198VUDI60EYSE,0.8928571428571429
51,R2VDH787K2ZDVS,0.9545454545454541
52,RJSZGT70TBDBX,0.9062499999999999
53,R1LKTKXR8G1437,0.75
54,R2UDBTRZJPU09T,0.9545454545454541
55,R2487ZJ2GCE02N,0.7822580645161288
56,R33PO0Y4KJSRIB,0.8999999999999997
57,R32U84HFYW9RAB,0.9848484848484848
58,R243KI1FG0AU9V,-0.9166666666666666
59,R2WZZTZYTMETND,0.9761904761904759
60,R3E7YAWJUADFEN,0.9545454545454541
61,R2DJ78G40RCH9Z,0.9761904761904759
62,RN8OH8WQQAE3Z,0.9848484848484848
63,RRC3S9SHXY1XP,0.7822580645161288
64,R2S6C5PBXVCHFD,0.8749999999999998
65,R1RCBMXTERHOHJ,-0.9166666666666666
66,RTRM5DKF96E9D,-0.8333333333333333
67,R32N9OYUHZYHKB,-0.9545454545454545
68,R39MLY03O5BEIB,-0.875
69,R24L0SMFBBZ6HY,0.7352941176470588
70,R30L6DPZXQ6JDR,0.9848484848484848
71,R3B1AXP92P40OK,0.8999999999999997
72,R199R4XPI71OP6,-0.875
73,R24NEPZ4WFT7C0,-0.90625
74,R1PIZ8HOJNUTAF,-0.9375
75,R2B33BCFFCQ4DW,0.9615384615384616
76,R23V86M1E49J6O,-0.9166666666666666
77,R2E1MRFF2ETWMV,0.9848484848484848
78,R3RHTF0LIO1OBB,-0.9249999999999999
79,R1AJIP6XR52IJV,-0.9375
80,R23Q0HY498I6ZP,-0.8333333333333333
81,R2CJ5TXV3GIRDY,-0.9615384615384616
82,R2L4EY0P304JL8,-0.95
83,R3MIJAFRTBPML3,-0.90625
84,R3WP6JWEIUWIA,0.9545454545454541
85,R2BODWYT9PR3JB,-0.95
86,RYOE2GLDD0U0X,-0.9166666666666666
87,R1KHFT5CGKK48W,-0.875
88,R2D7WQTXCQ18T6,-0.9285714285714285
89,R2ZYJNJLVR8CP0,0.9166666666666667
90,R3P9DLH7MBKD1M,-0.95
91,RL1QISLPTAI4,0.9687499999999998
92,R3K2D443JAU9RW,0.9687499999999998
93,R1BR2L4W12N06P,0.9029850746268657
94,R3IKOSBYNYQXBP,0.9666666666666663
95,R3B2XBII0AQEFS,-0.6197916666666667
96,R7GHMJIK7ZYZQ,-0.8999999999999999
97,RL3IWA2QSALS8,0.772727272727273
98,R1LD5M4RE6WLCE,0.5
99,R16Q3SEKYGVNE6,0.9285714285714285
100,R1JYKFIFTON0K9,0.9545454545454541
101,REKNRPIWYQC90,-0.625
102,R2UL1AD92GYETH,0.7857142857142859
103,R10L8O0TS6FAG4,0.9545454545454541
104,R1WS8X1AG8C5MN,0.9000000000000002
105,R2M9JER1R33XNZ,0.9666666666666663
106,R9ECQ1ZR56HC2,0.9285714285714285
107,R3OQ1KN5DVJ89D,-0.9285714285714285
108,RAPJI82JLVHI1,-0.8333333333333333
109,R3TC2LG93ZKSXR,-0.8999999999999999
110,R1ZWVVTCOWDM71,0.9848484848484848
111,R2QH24GL108GJ8,0.9545454545454541
112,RY4326S1Y1KGT,0.9029850746268657
113,RQGWL6FSHWCHS,0.9062499999999999
114,R2YLWV5JRVCK78,-0.90625
115,R3LWJVDVB6KWCV,0.9666666666666663
116,R2SB6J0RPRDTLH,-0.837962962962963
117,R1RZY6WFAX3VL5,-0.90625
118,R10PK7DWAEONM6,0.9545454545454541
119,R2OWZI76PO1NG9,0.7822580645161288
120,R3TDTW18NRVOQR,-0.9375
121,R3OZD227MDBDHL,0.8928571428571429
122,R15A4WHTTFWEI8,0.9545454545454541
123,r22z7cyetrmaug,-0.8999999999999999
124,r2wpamp6c4777b,0.9545454545454541
125,r2r6avyamexq4s,-0.9444444444444444
126,r35dbgrdt3r8d3,0.9761904761904759
127,R1QWHQ8TFNMJ40,0.9666666666666663
128,R3E0UBBYGRCFRR,0.9545454545454541
129,R23DF21WLIID6F,-0.875
130,R29P1XS5DMQ7FY,-0.875
131,RWI2FSOJQXPTW,0.9761904761904759
132,R2C1SZLAR10YS3,0.9029850746268657
133,R22FBTW1LVP90S,0.9545454545454541
134,R17BI1WY8EQY78,-0.9375
135,R2C3R2WPMW8XNE,-0.90625
136,R3070M1GUMFCBN,0.8999999999999997
137,RSLNVGRUD0SAF,-0.9375
138,R2YMXF378Y8F4A,0.7393617021276595
139,REU14VXUS7CGL,0.9666666666666663
140,RC7Y30OR77HQK,-0.9375
141,R38UTIHXDTJLZC,-0.75
142,RNFBX2GNO7UDW,0.9499999999999996
143,R3LPHRFYN1YARG,0.9848484848484848
144,R3L9W316F5XNCK,-0.9166666666666666
145,R2JYDRY6S8XCW9,-0.9166666666666666
146,R15VV70DD5Y32T,-0.875
147,R1GUQ9D9ROKIA9,0.7822580645161288
148,R3NR7YX26QU15N,0.9029850746268657
149,R163LW970AY27D,0.9848484848484848
150,R3I90C5MG6JQSH,-0.9375
151,R2HYWHBN8MWANW,0.8636363636363634
152,RC1V9WJOMJ17E,0.9848484848484848
153,R1KA167MA5TX0B,-0.875
154,RIH1YQOP3DBXC,-0.728658536585366
155,R189SLGHXGGHE0,0.9848484848484848
156,R1T6P3VLB0KK58,-0.9285714285714285
157,RICLDNUBRB4ZZ,0.9029850746268657
158,R12TRBRT2TGCTJ,0.9029850746268657
159,R2X69W4OFW9TF0,-0.6358695652173912
160,RWN0SBTAQZ2EI,0.9848484848484848
161,RZWZLCI38F3WA,-0.8999999999999999
162,R18RK4AMZPKAT3,0.9687499999999998
163,R1L8UQWDQ97S4Q,-0.837962962962963
164,R1LZARCZY8L7MS,-0.7666666666666666
165,R2XK3M2NFIM2FO,0.8749999999999998
166,R2X6QIO45VVIJS,0.9029850746268657
167,R1RWUZNR4OCN0L,0.9545454545454541
168,R2H26J3O0ED2Y6,0.9848484848484848
169,R28SDES59I6W9Z,0.833333333333333
170,RBBLEFG4QUYJM,0.8939393939393941
171,RLL0U047K7JS3,0.9848484848484848
172,R272H0JXKQ9X3J,0.9166666666666667
173,R1TLN21I325FS5,-0.9249999999999999
174,RPOYPOP5E2VQ6,0.9285714285714285
175,R2ZLYJVWQC7AAO,0.5754716981132075
176,R22DA3Q27Z30AI,-0.837962962962963
177,R31XQA3VURA579,-0.625
178,R1541OS04QRJ5C,0.9285714285714285
179,R2570ZHCI4D5R9,-0.875
180,R2PATR8EL5FJC7,0.9285714285714285
181,R1061QYUBNR3EC,-0.8999999999999999
182,R2K57TO4G9FC9C,0.9285714285714285
183,RY5ROV01NTKD3,0.9687499999999998
184,R1R0UN7M77DW5A,0.6428571428571426
185,RNUQ2JDMH8QHV,0.7822580645161288
186,RK5D50840CCAE,0.9545454545454541
187,R122I01R3SG3YQ,0.9848484848484848
188,R10J20RIZIRYPC,0.9666666666666663
189,R20U165C43HAQA,-0.6333333333333331
190,R300ZT6T6O9XBW,0.9545454545454541
191,R1BC3E2QS68XXX,0.75
192,R1QJVNDARZR0P3,-0.875
193,R2A0554RLEXC1L,0.9761904761904759
194,R3O9NNGYOCY2Z4,0.9687499999999998
195,RWPICUU5Y75N8,0.9848484848484848
196,R1OBGOWZEHPYK2,0.9848484848484848
197,R2ZNL13RMQRWH6,0.9545454545454541
198,R3KXSH8GS72ZHR,0.9545454545454541
199,R205I5IVIPNKWB,0.9029850746268657
200,RJGT5P2IVO09N,0.9848484848484848
201,R109GLOGRQ2E5D,0.9545454545454541
202,R3O8C1BJYKZ6Z5,0.9545454545454541
203,R8B773YIDRE9Z,0.9029850746268657
204,R3FKOBEPUG4D57,-0.8846153846153846
205,RA40MJPJ5L90J,0.9848484848484848
206,R16LCB3C22CDEE,0.9062499999999999
207,R1D9P6NZGXRTZH,0.9545454545454541
208,R29H2P36FDDCQZ,0.9848484848484848
209,R6K84574GQB7A,0.9848484848484848
210,RNHJCWGCXCYIE,-0.9166666666666666
211,RCHSF6V062F0K,0.7666666666666667
212,R3LLUXQC656K33,0.9029850746268657
213,R3UMLQR0WFBJ11,-0.9166666666666666
214,R2KLJXKH63Q79X,0.9848484848484848
215,R22JV9UGDBU4T4,0.9545454545454541
216,RP2MT8N1SZ89T,0.9848484848484848
217,RGDMD4BTMC6F0,-0.90625
218,R3QIBYTTC1BM0J,0.9687499999999998
219,R3KM1U52ML5ABN,-0.875
220,R6ITZ4QZ7PPYN,0.9545454545454541
221,R1TZD1QDCSTKZ5,-0.8999999999999999
222,R53D680LOUMGG,0.9029850746268657
223,R2WGYPT425ZGI9,-0.95
224,R3PO0FS6U9AYH7,-0.8076923076923076
225,R2HS70FXJIHJXV,-0.8333333333333333
226,R3AYE2KD858HU2,0.833333333333333
227,RK5MFV1Q3CD08,-0.9375
228,RYAK6FMQP5OIZ,0.9545454545454541
229,R37QDZDVNK1DDR,0.9285714285714285
230,R2DOL1YP03DBIP,-0.7954545454545455
231,R30L5ZFH38L1TP,-0.95
232,RY5ICOYO22ZKI,0.9545454545454541
233,RTWQDLKBEHP2G,0.9029850746268657
234,R3J1816Y5MLS2I,0.9687499999999998
235,R1J29IXQRJ03ZV,0.9545454545454541
236,R1BERN7QTAHPSW,0.9545454545454541
237,R3PM6B8RRH94P4,0.9761904761904759
238,RV4OR1L3WDVZ9,0.8999999999999997
239,R2WU5EROQI8HNF,-0.95
240,R24KITNGJ7X38R,-0.7857142857142857
241,R353RGEUI9DIJ2,0.9545454545454541
242,RHXIQ5HR7R8D7,0.9285714285714285
243,R3SY8YT8TX0HD4,0.9761904761904759
244,R13TGI03PCF3W6,0.9545454545454541
245,R22IK2YT8XQ2JK,0.9848484848484848
246,RV9OLDPTXJN14,0.9029850746268657
247,R20BVQVU5U21I8,-0.6358695652173912
248,R1EZTMPMRTJUO2,-0.9666666666666667
249,RKIU8M23KE4O3,0.9666666666666663
250,R1NRJ47IB2OOB5,-0.6358695652173912
251,R1ZO5T5N9H5ROB,0.75
252,R3F8SDZZ42Q34W,0.833333333333333
253,R3UYZQN5HCQV71,-0.95
254,R21R3WW9OCDVYE,0.9029850746268657
255,R226MHGWFL43AZ,-0.9444444444444444
256,R2V28UNWER4583,0.9499999999999996
257,R6FD8HQTSD88O,0.8999999999999997
258,R1RRNK68CSBBOE,-0.8999999999999999
259,R12T6MQ6SMHAPK,0.9761904761904759
260,RZKJ9B5Q749WA,-0.90625
261,R2IY4CE8VLPTJJ,0.9666666666666663
262,R30S8EQAXDPE0T,-0.75
263,R2PXZLI7HVC2KJ,0.9848484848484848
264,R28A4J68L184B3,-0.8333333333333333
265,R2OTFWUC33J2RK,-0.8846153846153846
266,R2LHZYSUVJ0DIY,0.9062499999999999
267,R1Q1DMVAKV0PA3,-0.875
268,R2IC3QN4JJ67P5,-0.90625
269,RERRISE94H2O6,-0.5223214285714286
270,R3VOJK777371YN,-0.9166666666666666
271,R1EQR7AC65MJ57,0.8939393939393941
272,R15DW8TP6PYKXQ,0.9029850746268657
273,R314F1DVRDWTTF,0.9499999999999996
274,RL8B72WJEZKUO,0.9545454545454541
275,R1DW6NVZ10VBWE,-0.8392857142857144
276,R24X384TUWR84J,0.9062499999999999
277,R18UEDTIGLZFTD,0.9545454545454541
278,R2LXISLVU03D1O,0.9848484848484848
279,R1DBTNDRNHJEU8,0.8928571428571429
280,R28ZKVUHCXI34I,0.9545454545454541
281,RBIGJW4HRXE4V,0.9285714285714285
282,R24043XL4797KY,-0.875
283,R24810Q3ZRRTLZ,-0.95
284,R3F2LCNNLVDE71,0.9666666666666663
285,R2OQYLSLE5QE9P,0.9545454545454541
286,R30DTC8PFT3O6M,0.9062499999999999
287,R2XX5W3PADIA88,0.9761904761904759
288,R275TOKV40U353,-0.8333333333333333
289,R1LAM8T6FGKZF1,-0.90625
290,R3KY22KCH3IL7K,-0.9666666666666667
291,RTN1JHWIWIGYK,-0.8999999999999999
292,RJWLU4GT90TD6,-0.9375
293,R2ES60TLKTNJLK,-0.875
294,R3P25JARZNPUV3,0.9666666666666663
295,RVDX6AYTINO2K,-0.75
296,R3BAG7DY4PV1OW,-0.95
297,R3O16Q0LZ2T497,-0.7916666666666667
298,R32RZI4INALUXU,0.9545454545454541
299,R7WJTGGIOFYCJ,-0.9249999999999999
300,R3UOMD87R27SOU,0.9687499999999998
301,R1IIRAVJ75JJHT,0.9062499999999999
302,R3GBJN6A9T1M1A,-0.875
303,R2HX4VASQC4S8Q,0.9285714285714285
304,RYFTIY71ZLBU3,-0.8333333333333333
305,R3US9T9SV5XVJV,0.531847133757962
306,R3NEWCLWGNYI74,0.9687499999999998
307,R2SUCD2ILVP5XE,-0.9375
308,R36SQGV2X26IVN,0.9029850746268657
309,R5DUDM9BGDJTZ,0.9848484848484848
310,R1F5WMR0SIGLRE,0.9444444444444444
311,RSTNC7KGUHSJ,-0.78125
312,R2R92PF3UWNWKO,-0.75
313,R1LUIK319MP35A,0.9545454545454541
314,R33R55NIDLQZMQ,0.833333333333333
315,R4AAJRGYV3OKA,-0.75
316,R17TH7PVR4TM4P,-0.875
317,R1HJP9RNAZ688V,0.8125000000000002
318,R2T0XBD4RSMGZT,0.9545454545454541
319,R18AHFHNVF3BKI,0.75
320,R10KDGG28D2M5I,0.9545454545454541
321,R34O5JIO61UOG5,0.9029850746268657
322,R3L148PUUTGR8N,-0.8999999999999999
323,R14MDQZZSTRM97,0.8928571428571429
324,R1TWPAWD4N2I1D,-0.9375
325,R1UDVY5L6LM51D,0.9687499999999998
326,R1GPOMHSJDCT2G,0.9285714285714285
327,R3205ZN0LI4C59,0.7666666666666667
328,R15H4EC365J21,0.9545454545454541
329,R2LOFMHIL5B0C4,-0.9375
330,R20MF1IPAUS10G,-0.9285714285714285
331,R1FGHIJOETM4QM,-0.9375
332,RXK69A0SHFYMY,0.9062499999999999
333,R4VOAPDEDOYLA,0.9545454545454541
334,R3W50NWLVM311T,-0.95
335,RRN1O6G95PH9J,-0.7916666666666667
336,R2D8LGAK7LW3Y8,0.8939393939393941
337,R1IE03WRE7N20L,-0.9545454545454545
338,R2KF3RP4ILCMXW,0.9761904761904759
339,R2QSK9S8OO2COA,-0.9166666666666666
340,R3OYCHU8AITB8Q,0.8125000000000002
341,RKVTRTJME5GSH,0.9545454545454541
342,R1FX9FJTL3SKKU,-0.837962962962963
343,RQ4BWGM9C7S4X,0.9761904761904759
344,R2CS1DK8SHU7IK,0.9761904761904759
345,RUX3YUVHRY7ID,-0.95
346,R2WOAM132QSGAG,0.8125000000000002
347,R3SWCZU6HPQ4MA,0.9499999999999996
348,R19KUMCS9B61IS,0.9545454545454541
349,RGVWLBLQ9CARR,-0.9545454545454545
350,R36RH0803WBM0D,-0.6428571428571429
351,R2MM2GASVMU6DN,0.9615384615384616
352,R2KYRF005TAK5K,0.9666666666666663
353,R1DA0X9P660JV0,-0.875
354,R7CSFIE5ME0NX,0.9285714285714285
355,RMQ7JE4HHFXRP,0.7822580645161288
356,R28MUTG29WSVU6,0.9499999999999996
357,R1QCGKU2JCNXXH,-0.9375
358,R3Q0YJO5WH53HW,0.9761904761904759
359,R2TJ8SPN7GVVLI,0.9029850746268657
360,RMQ6JLV9TH3LU,0.9666666666666663
361,R30KC5ZEJG9TRT,-0.9166666666666666
362,R3EZENT0N48ROI,0.9062499999999999
363,R3V6OMOV1YJYWM,-0.7916666666666667
364,RODRVH0D5O4Y1,0.833333333333333
365,RW0BV0NWX3BI0,0.9848484848484848
366,R6IOL603H6OWL,0.75
367,R1X32OW8XWCN3I,0.9761904761904759
368,R1CCDUX6ESZE3W,0.9285714285714285
369,R1JY0FULUX4717,0.9062499999999999
370,RA7XJFBG15XEM,0.8749999999999998
371,RLD3MDTUH5POL,-0.7499999999999998
372,R2Y3RT6FZ372JY,0.9761904761904759
373,R3JMFOQAZNAQMK,0.9545454545454541
374,RDSIVGBD06FP3,0.9848484848484848
375,R20WTWZIDBWTNC,0.8939393939393941
376,R2Y9U3WYUSH1FU,0.9687499999999998
377,R2VUWXZU6PFI61,0.9029850746268657
378,R2EFYS7OEWYMLA,-0.9249999999999999
379,R3CE7QSSDHWU4F,0.9545454545454541
380,R1OPXB0I06ZM2H,0.9687499999999998
381,RERJ8U7YRMV38,0.9687499999999998
382,R3BGW6DVK6DVJQ,-0.95
383,RU4ILCDH2GN77,-0.9375
384,R1HDJDZIOFW0E2,0.6428571428571426
385,R2QF8YVM9PILYM,-0.8999999999999999
386,R37CV45NTNGNPS,0.9545454545454541
387,R1Q8QHHF6K0MUR,0.9666666666666663
388,R17VC20TMVUV1C,-0.9166666666666666
389,R12XAO2OSWL4T,0.9687499999999998
390,R1ICCARX4FQ073,0.833333333333333
391,R3LTWVFTLXF642,-0.9375
392,R2G01Q2XFEUQXG,0.6249999999999998
393,R34JAM3HNTPDP7,0.8749999999999998
394,R1I5NTQEECERUX,0.9761904761904759
395,R251LAVFUFQUOL,-0.95
396,R22H2UYZ2P039T,-0.9166666666666666
397,RI5T2SKQXJZO9,-0.8333333333333333
398,RXY3GG65JPRVR,-0.95
399,R3AZICL3DCNMDJ,-0.8333333333333333
400,R3K7SS177DHQ3V,0.8999999999999997
401,R1P0RUB8X7EAP9,-0.875
402,R3QEJQD1OLMBIA,0.8999999999999997
403,R212TLAXUN30WQ,-0.728658536585366
404,R2DTIT2XOPU48M,0.9545454545454541
405,RVLICW4HJN2QX,0.9666666666666663
406,R2YB7J4QPP4Q3P,0.9545454545454541
407,R3J01KRMP5Q95N,0.8928571428571429
408,R3U160NGKTVW49,0.9545454545454541
409,R1X5MS0IJF1QUJ,-0.95
410,RFVE5U32PUANZ,0.9848484848484848
411,R9A89T35VZSVW,0.9666666666666663
412,RD7MWCARZKA5Z,0.9545454545454541
413,RWEYS327JRKC8,0.9166666666666667
414,R8Z5VK8T7746S,0.9444444444444444
415,R1T7C1C9QJ1UJK,0.531847133757962
416,R220VI34BLHQZN,0.8749999999999998
417,R1C5GDOVP36K2Q,0.9545454545454541
418,R3QVPNZ7G9X744,0.9545454545454541
419,R25NSG24NM4TLD,-0.9166666666666666
420,RBHH2L95OZW8P,0.9666666666666663
421,RIQVMACBRZG8Z,-0.8333333333333333
422,R3OXRQSF8KA6V2,0.8749999999999998
423,R2V1NZ9K72YZTY,0.9848484848484848
424,R15DFE5IXAS0A7,-0.90625
425,R32Q4TIVG1CAE,-0.9166666666666666
426,R7T8RO1XTKJMB,-0.9285714285714285
427,R1Y0PL5JSMUXUW,0.9545454545454541
428,R2RGPYLCO7C29,-0.8333333333333333
429,RZ6K9WIAUBKTM,0.9848484848484848
430,R3J420DNBE2OU,-0.875
431,R5G7G1CFWENZ8,0.9029850746268657
432,RKAYI062NRTTI,0.9687499999999998
433,R2CL5BMJ3G940Y,0.9848484848484848
434,R1PG1C43UYBR77,-0.9166666666666666
435,R30K0MQUHTA0VN,0.9545454545454541
436,R2BVMM786J3OCI,-0.9249999999999999
437,R37P5VXL1IEU13,-0.90625
438,R3NJ2HXZL08I7F,0.9029850746268657
439,RX1ZUVGBH3HKC,-0.95
440,R30HHT87LEQ58T,0.9761904761904759
441,R3ROW1FM562STG,0.9666666666666663
442,RG0QA5RXVTVO8,0.9848484848484848
443,R201TOS3D2FR4,0.9029850746268657
444,R3L2W1D54JWICW,0.8500000000000002
445,RQH0B0GRUXI9N,-0.95
446,R3NYXFU74T63Y5,0.9666666666666663
447,R5YFC5G8V2B3I,-0.9166666666666666
448,RQBGUU0C58CV2,-0.95
449,R37VH3ZT32NP6S,-0.875
450,RZBF1BFVYHT6L,0.9848484848484848
451,R1KO8SKTLRRMJF,0.9848484848484848
452,R1EZV3UO6LP33L,0.9545454545454541
453,R3HIDNGO09OAVC,0.9666666666666663
454,RVINJTQFRD1JQ,-0.8999999999999999
455,RTYMVDZN8JSVL,0.6944444444444444
456,RKXNZX22HQZEE,0.9615384615384616
457,R2B2ASOMKPG2Y1,0.9848484848484848
458,RPNCLJWGOLNS2,0.9545454545454541
459,R2PYJM9JEO9E8X,0.8749999999999998
460,R16TWDB4H6WQZK,0.9545454545454541
461,R11ZEQ1YNUORO8,0.6739130434782606
462,RNU6IDOP7BV0Y,0.9000000000000002
463,R2T6PILHX8VPIR,-0.95
464,R261M5U6WLRFLF,0.7822580645161288
465,R1CNON69VWOU0,0.9615384615384616
466,R5THFZT2H51RX,0.9545454545454541
467,R32PTFHFWY9S1L,0.5
468,R2A8RKJ6X71CKT,-0.9375
469,RTSIB49LN0D2L,0.9444444444444444
470,R2PFXY2EIZMD3K,-0.90625
471,RCM91KQW0NCCG,0.8999999999999997
472,R25XMDAE573J22,0.9666666666666663
473,R2K45IY0NO70ZI,0.9761904761904759
474,RVRMVCPZKM9PT,-0.8392857142857144
475,R3UH2U55T1ZSA4,0.7822580645161288
476,RK8P69Y6XOLSZ,-0.875
477,RSWCOK46I1UAU,0.8999999999999997
478,RIVCWT3LM0G2E,0.9666666666666663
479,R3IK8LUYPWCU9H,0.8125000000000002
480,R32OZOWQJ0FHI1,0.9848484848484848
481,R1YCDNKNNDS7W,0.9761904761904759
482,R37RXWJQ6Q4EAL,0.9062499999999999
483,R14DIBP09XNI5U,-0.8999999999999999
484,R2VLGWA3RDFYJZ,0.5
485,R320MQHTFW6U61,-0.95
486,R2NOED2XUPTMI7,0.9848484848484848
487,R23S0G0SVPC0I8,-0.8999999999999999
488,R9MZ0TK5X4RG8,0.9761904761904759
489,R1V8PH2CAJPJYC,-0.9285714285714285
490,RC14CXC3Q9WKX,0.9545454545454541
491,R22040I6BN2SC,0.9545454545454541
492,R2J4VTUI1XQN0U,-0.837962962962963
493,R2OLO7UMMUEW0K,0.9062499999999999
494,RJNTR3P11PET9,0.9545454545454541
495,RA7T9DL1KN5HL,0.833333333333333
496,R3D38NWGN3FIJ0,0.9666666666666663
497,R1AFAY6B0JXKY7,-0.95
498,R1GEZTNGMZPBDV,-0.8333333333333333
499,R2B8PKDAHON0Z,0.9029850746268657
500,R36THGSJQMXR8N,-0.8333333333333333
501,RPINQU6EY687P,0.6369863013698631
502,R36YDBEXGFB8T8,0.9761904761904759
503,RJD8L4SVUCRIH,0.9029850746268657
504,R30CS2D74HKDNN,0.9499999999999996
505,R3502XBDHL0EOI,0.75
506,R2T9I2WBUVXEPY,0.9666666666666663
507,RR92UT5QXQR96,0.9848484848484848
508,R1RP5STHB2OSLK,0.9545454545454541
509,R24IUFY6ZMRKO4,-0.9375
510,R1E7LAIG3WUF9U,0.9029850746268657
511,R14MS5UL9B09MX,0.531847133757962
512,RSR73GAU4K6VY,0.9545454545454541
513,R16ASFCV1UG3HO,-0.95
514,R34PFW1NK782KD,-0.7954545454545455
515,RPRAMCCSPBW7X,-0.8333333333333333
516,R2IQMB4IO2ZIL6,0.9062499999999999
517,R1ES7WGUKUODS8,0.7822580645161288
518,R1IUX33P1ZXF78,-0.9545454545454545
519,R2RVO54YYW9VOJ,0.9545454545454541
520,R1NJ9ZP8WVOQH4,0.9029850746268657
521,R2SEYAMD3EGFUL,0.9666666666666663
522,R2MRNNN4E3C2P7,0.8999999999999997
523,RMG9EMNMRHPOR,0.8999999999999997
524,R1MRDVL0P65HFI,0.9687499999999998
525,RKG895EF1NXPE,0.9848484848484848
526,R2UY73I3Y296QJ,0.8939393939393941
527,R35BI4RK0JRYHR,0.9666666666666663
528,R31824NSOE06LB,0.9029850746268657
529,RTJBKRG86OEOQ,0.8125000000000002
530,R26GRUQ3SQJZJI,0.9545454545454541
531,R1A7M9YQAGFXC0,-0.875
532,R2715IV60MQSPD,0.9499999999999996
533,R3RM4W5PQ61FWQ,0.8125000000000002
534,RLFHMXRCG4MAL,0.9545454545454541
535,R191UTQHZRDB7U,0.9666666666666663
536,RVIN3PS40RVAE,0.9761904761904759
537,R1JK44UXHWOB3S,0.9062499999999999
538,R23YM24GPNN5V3,0.9029850746268657
539,R5AX9X99RCCSC,-0.9375
540,RZ1H6HCKTGNR,0.9029850746268657
541,R3GRZUH0EEFPNU,0.8749999999999998
542,R3W41W58K5BISA,0.9029850746268657
543,R1SAT8I3TVVXX6,0.9761904761904759
544,R2XOVDFSKFIZYJ,0.9545454545454541
545,R7FA2S2WZXHJZ,0.9761904761904759
546,R25AEIQOP6BB7P,-0.9166666666666666
547,RNQKFQI93K3T5,0.9545454545454541
548,RKFGPOTYPMMAY,0.9545454545454541
549,R1KXMZ0AOEDSQ1,-0.9375
550,R3KWKUM95ZIOCH,-0.9285714285714285
551,R28JH775JUNIN0,-0.9375
552,R1H0L2K5JDURIT,-0.9375
553,R2GRF9L739XZSA,0.9761904761904759
554,R2JZ3WH814K1X1,0.9285714285714285
555,R1RE14X0O17W03,-0.7727272727272727
556,R1O9JZT0SCK2RM,-0.8999999999999999
557,R25TN3V6W276K4,0.8749999999999998
558,R112TXSCHBN0UK,-0.9375
559,RO50NAC801KAD,0.9761904761904759
560,R25GYNC1L2253K,-0.5833333333333333
561,R14KFYLTL09W8D,0.9761904761904759
562,R1P9J9HYTBXW8H,0.9000000000000002
563,R3QHDRF7901LVO,0.9666666666666663
564,R15YJ9F8ASYTDQ,0.9848484848484848
565,R1L55OY9R091PE,0.9545454545454541
566,R1NHNP6F6NPM9A,0.9848484848484848
567,R3Q3TZ4X7UY8YV,0.8999999999999997
568,RVH3DC3GNUPDU,-0.5476190476190476
569,R1JAPPW9QOF6QK,0.9062499999999999
570,r2blimsd1vkypv,0.9545454545454541
571,r3f3mpl1hcrs50,0.9615384615384616
572,R3K22J6XS6HTEM,-0.95
573,R3C3R8VNFE2IO5,0.8939393939393941
574,R2OGIZUC2S11JR,0.8749999999999998
575,R3CQ8XG5E0ZGTX,0.9545454545454541
576,R2U1JLZVQ9LLV7,0.5
577,R3V2AG6LMV2T3E,0.5
578,ROMVEKIPI4VL3,0.6111111111111113
579,R2S0VDK666BMFX,0.75
580,RVUBAGLBR2LE0,0.9000000000000002
581,R2VQZMF96BI5KB,0.9687499999999998
582,R13UQIRMF4A3HY,0.9848484848484848
583,R32SYN8FBR7AS1,-0.9249999999999999
584,R8PLGHH8KPBS9,-0.95
585,R2I6UFYNI14HCE,0.8749999999999998
586,R13CFSYILSJG0N,-0.90625
587,R2PY5DX7X2ZCHW,-0.8999999999999999
588,R2VS5U36BIZB18,0.9848484848484848
589,R23036MN9KAAPS,0.9029850746268657
590,R2DSVF1S5LKKKI,0.9848484848484848
591,R2MPNF13C4S6Q9,0.7857142857142859
592,R2HF3YU3JDHWO8,-0.9375
593,R1MT9C1H122ANO,0.9666666666666663
594,R3DM0ZTAKBIB63,0.9615384615384616
595,R3SBO9S7I5CVX2,0.7822580645161288
596,RPUGWP0LCC28K,0.9761904761904759
597,R2KFL3P1EFTHTJ,-0.875
598,R1JWFHW000EXOJ,0.9615384615384616
599,R21ZHN7HZQ4DT0,-0.9166666666666666
600,R125HPYFQA8JKV,0.9848484848484848
601,R29V2MIP5U8S8Z,0.9545454545454541
602,R16V54BMMQVX29,0.9848484848484848
603,RYDRY2GX0USZV,0.9848484848484848
604,R1RGAFRSVLSSSX,-0.837962962962963
605,R2EAH2FUVZ71JB,-0.9249999999999999
606,RZKM3551JXN69,0.9545454545454541
607,R2R34MPQP9G5MD,-0.9375
608,R1WR75PSD62OOR,0.9062499999999999
609,R2N85EZCY74DGM,0.9848484848484848
610,R1SK73HDWIV2ZJ,-0.9166666666666666
611,R19CK8VFWCUZG,-0.9166666666666666
612,R1AAPM6CPT575Q,0.9666666666666663
613,R1ZW5IK60I5UKH,0.833333333333333
614,R24WXOHCH3DPTT,0.8939393939393941
615,R14KLU6IY5CNTL,0.9545454545454541
616,R1V2KT1FCF466O,0.5
617,R10L5LKFPRBOV7,0.9545454545454541
618,RVEIBNEAH17P4,-0.9444444444444444
619,R3CU5RD6Q0ML5T,0.9285714285714285
620,R3QCD7ER70ESKO,-0.837962962962963
621,R2IXO20AEH99OC,0.9285714285714285
622,RBD01D4YPZVWX,-0.95
623,R30DKM7GZ7L0L5,0.9666666666666663
624,RJ9P1K599OVVI,-0.90625
625,R2VP9M9V6F1WH2,0.5109090909090909
626,RNLNH2HXF98MS,-0.9375
627,R1Z9JF4GYQ50MS,0.9062499999999999
628,R10MD4PFSKVX1T,0.7822580645161288
629,RB8T19OI7RZK1,0.8928571428571429
630,R1C0VG5UIYP8UX,-0.95
631,RZKGNEMPUEKMJ,-0.837962962962963
632,R2AKNCV4GRO3HY,0.9545454545454541
633,RLBFS6RM93UUX,0.9029850746268657
634,R3OVEUJ55AKNG2,0.9545454545454541
635,R1ZRMHQTMEVEY7,0.8928571428571429
636,R2YXQUCXH8M3NC,0.9545454545454541
637,R1TS0D24NLO0SL,0.9848484848484848
638,RPDIG53UR875Y,0.9029850746268657
639,R1M8HRW94JOBB1,0.9761904761904759
640,R125EO1WML3JBB,0.9062499999999999
641,R2FM5MI8H9AFFL,0.5
642,R87XGU53ENGPW,0.6607142857142856
643,R3GKYXOQ3IS5CY,-0.9166666666666666
644,R23DGA5HMNMCGQ,0.8939393939393941
645,R172GJB6UWYKD1,-0.837962962962963
646,R16S8QG8W87YT9,0.9545454545454541
647,R3LKXXAXVAHXXZ,-0.875
648,R30Q0MGNLN8GBJ,-0.9166666666666666
649,R5LPOEAPJSGJ5,-0.75
650,R3J433F01Z7LY1,-0.8999999999999999
651,R1LDDIRM4VDPYI,0.9848484848484848
652,R1BNDVB6UBB8MR,-0.9375
653,R2HOXHYCN5R6F7,0.9062499999999999
654,R21EXUDSDGHA7,0.8125000000000002
655,R3HSOTM59MM0MW,-0.875
656,R12A4KLY6CDPA7,0.9545454545454541
657,R1DCPHU8TZLMJ0,-0.9166666666666666
658,RGT7RTQ9BY8O4,-0.95
659,R3LFQF7CCRYE81,0.9761904761904759
660,R3CK4WCJW9G7NS,0.9761904761904759
661,R13A2T7MHMCVBV,-0.8999999999999999
662,R1CBPEKYJ8YQPP,0.8749999999999998
663,R1SUYQBE48R0R1,-0.95
664,R2ZID0KPYT8NHV,0.9848484848484848
665,R2J9FNO7ZSV51R,-0.837962962962963
666,R39SV83ZZX24XQ,0.8999999999999997
667,R1UTWP9PU37A1F,-0.8999999999999999
668,R16NKY9THARB9J,0.9545454545454541
669,R15L1BJWZE6NTU,-0.8333333333333333
670,R216OIG9RINLKW,-0.95
671,RDE458XLZBFN3,-0.8333333333333333
672,R1LE2V8ZGC3JT7,0.9666666666666663
673,RWL0C2S2APZ0N,0.9062499999999999
674,R2CCQL8HEC4KGX,0.9687499999999998
675,R1Y8UV8AFJLV2S,-0.9375
676,R1S7IYPO3CZQDV,-0.8333333333333333
677,RNVY5R2BNW5O,0.8749999999999998
678,R35FNU4OLOJDDC,0.9848484848484848
679,R344SJ8QI9XE4K,0.9062499999999999
680,R3QDY2Y0WMA80X,0.8939393939393941
681,ROKFZ3TGQAGPS,0.8939393939393941
682,R3BFAGWWN9HZLQ,-0.9375
683,R1VVUOLZJ2EI5K,0.9029850746268657
684,R17V8HQCTYC9EQ,0.9666666666666663
685,R2QS9OXNP765ZU,0.9545454545454541
686,R3QXYWV13X4XNK,0.8939393939393941
687,R17AUP7F1PQH3K,0.9545454545454541
688,R2LQ9AN9SN4Q95,0.9545454545454541
689,R3K7EPUB47OUKX,0.8749999999999998
690,R159CDY3VD5V1U,0.8999999999999997
691,RZDX4VRVCUOCK,0.9545454545454541
692,R3SVLXRFJREYOB,0.8125000000000002
693,R35TMYU4LD2CR9,-0.875
694,R181310HTR4STE,0.9545454545454541
695,R1H89PGKKH9PWQ,-0.9666666666666667
696,R1BB5LG9D17Z1P,0.833333333333333
697,RQ94BL1Q67FWI,-0.9249999999999999
698,R1A3SRGF8ZAK4I,-0.875
699,RXG7NJ14D98OL,0.9848484848484848
700,R21BN08F2OOJ6O,0.9545454545454541
701,R2I71MWYPLHJD3,0.8999999999999997
702,R3UX81LSF2GQHL,0.9545454545454541
703,RM9NY2AHOG368,-0.95
704,R2PFS5N7UBE31H,0.9666666666666663
705,RFNQJ0WVS34VV,-0.75
706,R178NJ9WHK671F,0.9166666666666667
707,R2XUOZR17OJ3OU,-0.9166666666666666
708,R2A44J4L9Y2NQ2,-0.9615384615384616
709,R3DIZUZ7U7LV4G,0.8999999999999997
710,RCKL3MTDQJ3FQ,-0.85
711,R1O7G248093XFY,-0.95
712,R177R75K29EUIY,-0.837962962962963
713,RCV3R5409QR24,0.9761904761904759
714,R2921ZIPUR73AM,0.9545454545454541
715,R19SQ1E4S86LPB,0.9499999999999996
716,R60LIRFAJTG12,0.9615384615384616
717,R1LKB6Y1BNHZZ4,0.9444444444444444
718,RDJZSFU49LKTB,-0.9166666666666666
719,R2FJGSWFLBKLVC,-0.95
720,R16S72WAGG32VQ,-0.7954545454545455
721,R36AWYQSHE6V64,0.9029850746268657
722,R1R7FCC6RUFC6M,0.9666666666666663
723,RIG4F50FF9PTM,0.9761904761904759
724,R39EMURUYCKD4L,-0.875
725,R3FVHCAHOYFNQL,0.9062499999999999
726,R8KIDO4F6QWUE,-0.875
727,ROFXLE73ZKI90,0.7352941176470588
728,RVDJ44B82LWMK,0.9848484848484848
729,R3VQRYWO7NXH44,-0.8333333333333333
730,R8JRYROQQ1Y5H,-0.9615384615384616
731,R1CYMYCNEL4YO0,-0.9545454545454545
732,R2CL10HTXDZJNS,0.9761904761904759
733,R24H8XBLDMJVRC,-0.875
734,R22R0UEDVGUFO5,-0.9375
735,RTLG4YUK983WM,0.9545454545454541
736,R20XPZ0F3PMWFO,0.8749999999999998
737,RUNP0W14HBUKB,-0.8333333333333333
738,R1LYNXQZTZTT4X,-0.9444444444444444
739,RW0AEPAC3XAM4,0.9545454545454541
740,RMBJCZYAKB6E7,0.9545454545454541
741,R3SO343054RW5Y,-0.95
742,R1WLIDZGC92S7H,0.9761904761904759
743,R2WTZZDXA2D1ZX,0.8749999999999998
744,R2UR88BPVO78QI,0.9761904761904759
745,R34F2VFYJJ4UMT,-0.9285714285714285
746,R3O3RVLFV1V618,-0.9166666666666666
747,RL9TG808Z7ODN,-0.8999999999999999
748,RVI65OY16DXTS,-0.9545454545454545
749,R1L0N2TZ286180,0.9029850746268657
750,RXNUQB0W9W8QE,0.9166666666666667
751,RC1Q8FR5H4W6X,-0.8529411764705883
752,R30WBHAZLRK50N,0.9285714285714285
753,R1NG8R3QR942T5,0.9687499999999998
754,R1KJNAE664M9QZ,0.9848484848484848
755,R3BFX3YLOCU7JK,-0.868421052631579
756,RLG9RZ63N1LCP,0.9029850746268657
757,R29SFO5NUUNR67,-0.7857142857142857
758,R3BXLL7EK43Q2L,-0.9166666666666666
759,RC0EZ7O95UEU6,-0.8333333333333333
760,R14FIJZSD3YTKU,-0.8076923076923076
761,R1D0GYZHUFLTUH,-0.8999999999999999
762,R3QDJ22DMIFWD0,0.9761904761904759
763,R2R0Q1TK8OOKRL,-0.875
764,R35I3RETO99ZYO,-0.8999999999999999
765,R1E4LIGOERRALZ,0.9166666666666667
766,R2FV2IRFS25EOL,0.9761904761904759
767,R75L3FELRZF01,0.9848484848484848
768,R3DB1N7TM3YUFD,-0.9375
769,RA52BNOP5RSGS,-0.95
770,RDMEJ35HNGDW9,-0.8333333333333333
771,R1E870QQGMHIG0,0.9848484848484848
772,R15QDMH9BCIO1A,0.8999999999999997
773,R1S1P0HL8FOTK9,0.7916666666666665
774,R1SWYOR5NMC2IL,-0.9375
775,R1YD2YPDBAX3XH,-0.75
776,R3QAYNVKOBFL3F,-0.875
777,R1M4XTLS090SFH,0.9029850746268657
778,R1W99WVF5JEK9T,0.8928571428571429
779,R39RXQLH8PGL35,-0.7727272727272727
780,R5J87FRLU1U8R,0.9545454545454541
781,R604ISO4MZRYH,0.9666666666666663
782,RW3LUJP65YQ6L,0.8636363636363634
783,R2NIN11WLAEUNE,-0.8999999999999999
784,R3P8SJEOI6R6P8,0.9545454545454541
785,R1P4474IKHU51N,0.9545454545454541
786,REJSE007FGB2H,0.8636363636363634
787,R2S78J70CDQK3H,0.9615384615384616
788,R2PMCNSJZEG9X6,0.9687499999999998
789,R383AGH8CJZHPI,-0.8333333333333333
790,R36NXL60OBCP1H,0.8636363636363634
791,R3JM24X0EN9YDC,0.9761904761904759
792,R2JEJAMVBRMB16,0.9761904761904759
793,R1BWH3ZFGPJWTB,0.9761904761904759
794,RQMJZE05H42DY,0.8999999999999997
795,R2EZWEW7PXCVTU,0.9545454545454541
796,R7JYVC5V7H01R,0.8928571428571429
797,R2DUKAK9VR1KHF,-0.95
798,R3OW21UERO3YBZ,-0.9545454545454545
799,RZ9MBA5BZUHVY,-0.9285714285714285
800,R2XFK5PNK6M6SS,-0.95
801,R4HWP8PKM1MN4,0.9166666666666667
802,R353IUZDJCLC7A,-0.95
803,R17NTD4IO6F622,0.9761904761904759
804,R2LJRIVX8BEZ95,0.833333333333333
805,R3CM5ODB9W18L7,-0.95
806,RUBOK7O88DIKI,0.9761904761904759
807,RPLQHZIQ2L9XY,-0.875
808,R2EMLEIZCHRFFG,0.9029850746268657
809,R3GVR7JL38HGCD,-0.9375
810,R3ALI4LCVYF0P1,-0.95
811,R3VJN75VZKZ598,-0.9545454545454545
812,R227NI3KQIOQEK,0.9545454545454541
813,R1Y4S6T63WNKNI,0.9761904761904759
814,R2BDGE7CPY0IBD,0.9545454545454541
815,R1Z3MSC8KV6GK2,-0.95
816,R9SQ2EU5HI8PD,-0.8333333333333333
817,R17H2H5K17JF45,0.9545454545454541
818,R29ISUBYCJS9CZ,-0.837962962962963
819,R3F50TVGCAJDH3,0.9615384615384616
820,R11LSQHP3G1XGT,0.9545454545454541
821,R1T5C3IEMUIP4Q,0.9062499999999999
822,R2SJ3QQ4EUXER0,0.9545454545454541
823,R3BHJIM18LRQ28,-0.9375
824,R3SD1YJSB1ZME0,0.8500000000000002
825,R1HWLALX1RAPXX,-0.95
826,R2TNOFR798YBO6,0.9545454545454541
827,R344YZEO4DYWBD,0.9029850746268657
828,R1468UMXSVLK1U,0.9545454545454541
829,R2CSPP5VTVMCCL,-0.95
830,R7Z00AG9LGKYQ,-0.8076923076923076
831,R1KSXYHP695BW8,0.9545454545454541
832,R2I4OWK8Z0V3HM,-0.95
833,R363HPUGTG8OEH,-0.8999999999999999
834,R1ZFQULWJM466U,-0.95
835,R1JHGV3K9OJZBJ,0.8749999999999998
836,R3D3W2L06AAT10,0.9761904761904759
837,R2XH5X115FOGN9,0.767857142857143
838,R3CRLSYDVY3QGF,-0.875
839,R2ZJTZMMWXXBBL,0.8999999999999997
840,RUZ6RA77QFFFJ,0.9848484848484848
841,R1OPVHTOGUMD2D,-0.8846153846153846
842,R2XW44NFWK28VD,0.9687499999999998
843,R1Y12GBXTIGN02,-0.9615384615384616
844,R9LMGPYGVQNVO,0.9545454545454541
845,R30KUFKP69IP4S,0.9062499999999999
846,RTB4XKNR64IPN,0.8749999999999998
847,R3GS3W6EZFWPHG,0.8214285714285713
848,R17LBHG5TQINZ4,0.9761904761904759
849,R2KJBNI5ET8EOH,0.8749999999999998
850,R15R315C1588SW,0.8749999999999998
851,R27IKKC0SWNSGB,-0.9545454545454545
852,R25WK77SUW9DHD,0.8999999999999997
853,R15PL9LBJJZHL9,-0.9375
854,R1FEVPTESSYGBZ,0.9545454545454541
855,R2986E1EQNJIVU,0.9545454545454541
856,R3OVOV4V8UFGHL,0.8636363636363634
857,R1W59KH3NB8J8V,-0.9545454545454545
858,R1TZA72JG6MLCP,-0.875
859,R1YOG8NFZE14H1,0.9545454545454541
860,R22LTMS91M7NHB,0.9545454545454541
861,R9TCMHB1Y9ZMF,-0.9166666666666666
862,R33L37MSD1EFZ8,0.9545454545454541
863,R3C7R0875NDEM3,-0.875
864,R3V4SA2PXHKHYT,0.9545454545454541
865,R1YRQHIPKBO6EJ,-0.837962962962963
866,R3O0TO2IPIW1C9,0.9545454545454541
867,R1OYY7TN6NG3SO,-0.9375
868,R2AG6HYJ75CYTZ,0.9761904761904759
869,R2360DSEVKA7JL,0.767857142857143
870,RA61WPIMLW9HV,-0.9285714285714285
871,RDVZ2HQ380E4T,0.8125000000000002
872,ROFEHPUQRIJ0Y,0.8749999999999998
873,R1KKQYEEBY156R,0.9545454545454541
874,R39182U0UURYM7,-0.95
875,RQR6D3MALB08Z,-0.9166666666666666
876,R36DIS3H3E05OJ,0.9545454545454541
877,R3P62TXYHF41WU,-0.9249999999999999
878,R1FQ4YLU0T98BG,0.75
879,RWK0OZLJU1VPK,0.9848484848484848
880,R3UGFOG1HPZVJP,0.9545454545454541
881,R2AWDW6E2DCRWH,0.9029850746268657
882,R3SJIKVIV9MKRK,0.9545454545454541
883,R1DLT716Z85RXQ,0.9545454545454541
884,R1Q82GLEWWHIJZ,-0.95
885,R3OAJDED2KQYH5,-0.8999999999999999
886,R22285CUV38S5U,-0.9615384615384616
887,R2HPFQEMDGWP4T,-0.95
888,R2DD7C7G4AX8N6,0.9545454545454541
889,R13TF1GT9WJIC2,0.8928571428571429
890,R284KCRVBWCU44,-0.95
891,RW59K45TQ2JJC,0.9761904761904759
892,R1JFZP960ZVDL7,-0.9249999999999999
893,R72ZW0Z5PGE7F,-0.95
894,RPTDO0F8CXF0Z,0.9545454545454541
895,R3NZIVRM2AOGZG,-0.9444444444444444
896,R21UB81I3CFK78,0.9666666666666663
897,RMKGG2RD7B56L,0.9761904761904759
898,R2WC2ZXFVX0K1L,0.9166666666666667
899,R3F9Z5G6WQM5MW,0.9545454545454541
900,R2WSHVOZZJW9N1,-0.9375
901,R3K5216XH8Z9MD,0.8636363636363634
902,RWBSSWRZI2XS9,0.8999999999999997
903,R2FT6EV16DHZHY,0.9062499999999999
904,RCSMFVK2G2Q6D,0.75
905,R3S4HTKOYP45FX,0.9285714285714285
906,R2T3LD6J8GJ5UG,0.9029850746268657
907,R1QLGV9K99571E,0.833333333333333
908,R33202RA30C03Y,0.9761904761904759
909,R1NZWT7QI4WFH1,0.9761904761904759
910,R1K3UN9JIQ0PPS,0.9545454545454541
911,R2A7SAHUN8GM9S,0.8749999999999998
912,R3BWE5N135P48,0.9848484848484848
913,R3VGAWX291HIJO,0.9285714285714285
914,R24CQ832WK2GF0,0.9285714285714285
915,R11TAJZQFBSQQE,-0.8846153846153846
916,R1TWLCQSI2KT9X,0.9166666666666667
917,RX2C8GV8PQDAQ,-0.837962962962963
918,RAT80BXFH79U9,0.9545454545454541
919,R2FMTM9I4UU4OS,-0.95
920,R15W2RQKSYZG0Q,-0.9166666666666666
921,RCJC9XHW9A6TG,0.8999999999999997
922,R1P533K0BHNL2A,-0.9375
923,R28IK8FMRFI06M,0.9545454545454541
924,R3IHOUHN0XQQYK,-0.95
925,RVFRMNN0EDRMN,0.9545454545454541
926,R271ANGBHHEBVW,0.8939393939393941
927,R2GIM1ZIOXCTFA,0.9545454545454541
928,R3FYF3LK73414F,0.9545454545454541
929,R1SY7MOAMI8L7M,0.9285714285714285
930,R2F1LYDHONWUZF,-0.9166666666666666
931,ROFN2O4JXZNJ1,0.9666666666666663
932,R21DTW0OLOUKBV,-0.95
933,R34DATUDQS89F0,0.9545454545454541
934,R17S69KWQIU0LU,-0.837962962962963
935,R1QC59ZIODDVKT,-0.8076923076923076
936,R3F5HV0O5VW4T5,0.7822580645161288
937,RXYYKMNCLN3KC,0.9545454545454541
938,RG92PDW17TT5K,0.9166666666666667
939,R1V5CSPGKNAHW4,0.7822580645161288
940,R23WCVAV7EM3FD,0.9545454545454541
941,R5I5M2YR4HMBQ,0.9029850746268657
942,RT0X30TTOWOKR,0.9615384615384616
943,R9L2L50HQOYX,0.9761904761904759
944,RS7XXF9HJL3LE,-0.9615384615384616
945,R2MM0SFZ3M8HL6,0.8749999999999998
946,R1VG9FEKW0Z4TO,-0.8529411764705883
947,R130F6ZWZIWVN2,-0.8999999999999999
948,R19O01AHUOPP5H,0.9545454545454541
949,R2S1OAPMCZBGLV,-0.9375
950,R31DOL0E9JQQOZ,0.8749999999999998
951,R2NJX8IB06HT8S,0.9285714285714285
952,R33CN1MMFTSEEQ,0.9285714285714285
953,R3H9D2B13FTSAV,-0.875
954,RDCZ8GWXSGK9S,-0.95
955,R2ZWA83HPTGNP0,0.9062499999999999
956,R1HHQGRVD30L7C,0.9666666666666663
957,R1642FH7DWV3GR,-0.95
958,R2RPZ97QTD2P5Q,0.9029850746268657
959,R2ZLCPS8IOBUPP,0.8939393939393941
960,R1IL3610LIPDOF,0.8928571428571429
961,RJ7OIUICUZBSO,-0.95
962,R1B2PL2TTUVSP,0.9444444444444444
963,R11S2CWZC3YA1C,0.9545454545454541
964,RPVDK2KFZW6J8,0.9545454545454541
965,R3MIOPG9F4SJTZ,-0.9375
966,R3RRIIKPJ38WF4,0.9615384615384616
967,R1VC6RBEQY5MTE,-0.95
968,R5JXAJDVTP6T5,0.9761904761904759
969,RDJ4INZUT08EH,-0.9375
970,RA9X2WNLFN7HB,0.8500000000000002
971,RVP3G9XXKOE0U,-0.95
972,R3B796T7QR95MG,-0.8333333333333333
973,RJ9J1SSBL4TX,-0.8333333333333333
974,R235JS7JVCGRYJ,-0.9545454545454545
975,RF64XU0Q9SSI7,-0.95
976,RBUHOIPGCIIUV,-0.9545454545454545
977,R1BCIXJI33ZW0D,-0.9285714285714285
978,RK4304EVK0OHA,-0.95
979,R3LARHXW38MIJN,0.9545454545454541
980,R9PKHPUR6D6QJ,0.9545454545454541
981,R1BAMRB7EEGCM6,-0.9375
982,RTJBMSXQRTB2P,0.9545454545454541
983,R35CPZSQEQ1QJW,0.9848484848484848
984,RUXOSU76EWIC1,-0.95
985,R1ZX2C6HDN8UL7,0.9761904761904759
986,R3LOP36H9WFPJO,-0.7954545454545455
987,R3OIGVEO49MK81,0.9444444444444444
988,R1LH8X2I1A9VHX,-0.875
989,R28FDEGAUJI8P9,0.9285714285714285
990,R3LQMIISQUAJ68,0.9761904761904759
991,R2A8J0U92HX2QH,0.9029850746268657
992,RDFEL2E2ULFCQ,0.9761904761904759
993,R1BVH9DPTM166R,0.9062499999999999
994,R1M5NC4XORAEMS,0.833333333333333
995,R2FENI4Z4G2941,0.8999999999999997
996,R3C1NHTNVGTACH,0.8939393939393941
997,R11GVNJD2MS4FF,-0.837962962962963
998,R2RCH8XDFOH0VN,0.9615384615384616
999,RGJX3P014D186,-0.9375
1000,R27AQQ8O2JCTBB,0.9666666666666663
1001,R1KAMZT6RMV4CY,-0.9375
1002,RUFCTBKSIA9YD,-0.875
1003,R8BCLWHC4IZ0E,0.9666666666666663
1004,R8ZI7DSDATI00,0.9615384615384616
1005,R15JI1MSZ3YJ3U,-0.95
1006,RBYJW1UTX38K6,-0.95
1007,RL51NMYVV5X2D,-0.9166666666666666
1008,R2AMIRBZTQE2SC,-0.90625
1009,R2U8N81M80OPIB,0.9545454545454541
1010,R283HO77DKT9F1,0.9666666666666663
1011,R34AXPEDF7UR6P,0.9545454545454541
1012,R3U4M2Y7XCN888,-0.837962962962963
1013,R32CHJUYLUZZKV,-0.9285714285714285
1014,RSLACSS98V7UK,0.9545454545454541
1015,R1CEPCU6RUY59T,0.9545454545454541
1016,R2HX9DCCUWUM1C,-0.9249999999999999
1017,R3ALZ0B0M9AOK5,0.9545454545454541
1018,R16B9696VPW8FU,-0.95
1019,R2IEPLL5EWYTUE,-0.8999999999999999
1020,R23BXXZ8AUWJFZ,0.9166666666666667
1021,R3NC0MI55ILDUG,-0.95
1022,R3GZNUI4TG3JA6,-0.9249999999999999
1023,RAVP18KG2JCL8,-0.95
1024,R2GQ6O8D8LNRYT,0.9761904761904759
1025,RBX4XMBSY964S,0.9761904761904759
1026,R1W5JYMZ6TIIJM,-0.9166666666666666
1027,R76STN0LUDKMH,0.9029850746268657
1028,R3RRRSYRHZXPRY,0.9761904761904759
1029,R2A6O9GO0YYIKM,-0.95
1030,R2PHE7AQT59CMO,0.9848484848484848
1031,R3ON4VTUNLWGMH,0.9545454545454541
1032,RUYH7XJCMLJ0W,0.9545454545454541
1033,RIPOD1BBKOD2V,0.9761904761904759
1034,R3IPAG8OSIXV3G,-0.9545454545454545
1035,R353KZC7PX7IAO,0.9062499999999999
1036,R396U9YEA9H6JR,0.9761904761904759
1037,R1LW6KD94VAY5Q,-0.837962962962963
1038,R3LZOVXFNRZQOE,0.8749999999999998
1039,RX0DPLHKPSOAB,0.9166666666666667
1040,R1FWGYXGS7A8QT,0.9545454545454541
1041,R2OTTHEM5ZCD9Z,0.8939393939393941
1042,R3EGCQFK8ZMSVN,-0.9375
1043,R2UVLME8DQETYL,0.9848484848484848
1044,R1X8T78FKU091T,-0.9375
1045,RKJSVE44CFEKW,0.9761904761904759
1046,RQQGPJS9TAZSY,-0.8999999999999999
1047,R1JAWIUKRXTCPD,-0.9166666666666666
1048,RPU3C1ZQ5D8LF,0.9687499999999998
1049,R3DNW0HZBD6E2X,0.9545454545454541
1050,R9FHPJ11Q7A5,0.9545454545454541
1051,R1FC7G92X5YT1H,0.8939393939393941
1052,R2YNIJ3YRVHJ8N,0.8500000000000002
1053,R3GPPNWEMQTJ4J,-0.9375
1054,R1SY8TEYLGYE64,-0.7954545454545455
1055,R2M1PH2TV3VFL5,-0.95
1056,R1QEJEZL48X2BH,0.9545454545454541
1057,R1U4UEV73CGXII,0.9545454545454541
1058,R4G1YB37B5M72,-0.875
1059,R1YFKON3QU98V2,0.9499999999999996
1060,R1V36F3Z4VLXMC,-0.9166666666666666
1061,R2J1VC9LSS73U,0.9545454545454541
1062,R16BWKZ270DEA6,0.8749999999999998
1063,R2NFYOLO6IDY4H,-0.95
1064,RW6KWOQG3UODI,-0.8999999999999999
1065,R1Y9OXA2S9XMF0,-0.9166666666666666
1066,R1SM4CAB2LLXGF,0.9848484848484848
1067,RK7AD3TY2U6CO,0.9062499999999999
1068,RFMHOXF78KEBN,0.9029850746268657
1069,RAK1CJC39CZP7,-0.8999999999999999
1070,R192SRIUNNV8UF,0.8636363636363634
1071,RDC0R6VUGN6X3,-0.9375
1072,R3BOJIAC838HPU,-0.95
1073,R2RLW4VXXYQAMQ,-0.95
1074,R2NRI88ZCWEPY7,-0.9285714285714285
1075,R1HFOUSMG6HYC5,0.8939393939393941
1076,R35RHWZRMTJF0S,0.9545454545454541
1077,RS6KTP8VEPDY8,0.9029850746268657
1078,R1XZV2KY3RJDT4,0.9761904761904759
1079,R1WU5HNB2V5APZ,0.9000000000000002
1080,R1W8QP53FXH3PP,0.9545454545454541
1081,R2P1ZW5FNLW7VA,0.9761904761904759
1082,R3CXVR9DUBRVVT,-0.95
1083,R2TBVT37RO3NTE,0.9615384615384616
1084,R19R3YDTIPG02C,-0.7857142857142857
1085,R13PJOBGR8VBNK,0.9545454545454541
1086,R2HWGET42R8CIR,0.9545454545454541
1087,RP7Q37N2HNLLS,0.9285714285714285
1088,R1R5ENPPPA2LY6,0.9545454545454541
1089,R1N5VGKWUUE8EV,-0.9545454545454545
1090,R27QGA4N5NAET4,0.9848484848484848
1091,R140KMBL05ZLA,-0.8999999999999999
1092,R1TWC6NTCMMMQZ,-0.90625
1093,R308SA6LV3ETLH,0.9444444444444444
1094,R3PTRZEX6GESP5,0.9615384615384616
1095,RD0LGZRQIRP0D,-0.9545454545454545
1096,R1WGDOYU8BDGBO,0.9545454545454541
1097,R24CRKA4F2HHPN,-0.9375
1098,RTRK6B993JSW2,-0.875
1099,R3MNGIUJOB6V8G,0.9545454545454541
1100,R1ZLJQPY302M8V,0.8500000000000002
1101,R1BWH4QC48OY6T,0.9545454545454541
1102,R32375P4DJ9UH1,0.8500000000000002
1103,R2JINGZ0AIW1YB,-0.8999999999999999
1104,R1I7HO0TQIH3PY,0.9848484848484848
1105,R3G4I6XOKJIVD1,0.8999999999999997
1106,RXDAJSUPK7N1C,-0.9545454545454545
1107,RBRPCT3DBB2QP,-0.8999999999999999
1108,R1VPM7LJTAM6C7,-0.9545454545454545
1109,R124A9RCE0C1EI,-0.95
1110,R19SLY8AEJ49RX,-0.9375
1111,R1DKTZQ1KA9IFB,0.9545454545454541
1112,RXOAWGI9Z98QY,-0.95
1113,RVNWLGVDWE20J,-0.9666666666666667
